{"nm":"scan","ddd":0,"h":700,"w":700,"meta":{"g":"@lottiefiles/toolkit-js 0.33.2"},"layers":[{"ty":3,"nm":"Null 2","sr":1,"st":0,"op":155.000006313279,"ip":0,"hd":false,"ddd":0,"bm":0,"hasMask":false,"ao":0,"ks":{"a":{"a":0,"k":[0,0,0],"ix":1},"s":{"a":0,"k":[100,100,100],"ix":6},"sk":{"a":0,"k":0},"p":{"a":1,"k":[{"o":{"x":0.534,"y":0},"i":{"x":0.109,"y":1},"s":[353.303,143,0],"t":10,"ti":[0,-0.724,0],"to":[1.769,70.214,0]},{"h":1,"o":{"x":0.167,"y":0.167},"i":{"x":0.833,"y":0.833},"s":[353.303,518,0],"t":36.973},{"o":{"x":0.823,"y":0},"i":{"x":0.453,"y":1},"s":[353.303,518,0],"t":43,"ti":[-0.082,-3.252,0],"to":[0,176.667,0]},{"s":[353.303,143,0],"t":72.0000029326201}],"ix":2},"r":{"a":0,"k":0,"ix":10},"sa":{"a":0,"k":0},"o":{"a":0,"k":0,"ix":11}},"ef":[],"ind":1},{"ty":4,"nm":"Shape Layer 13","sr":1,"st":0,"op":155.000006313279,"ip":0,"hd":false,"ddd":0,"bm":0,"hasMask":false,"ao":0,"ks":{"a":{"a":0,"k":[2.955,26.75,0],"ix":1},"s":{"a":0,"k":[100,100,100],"ix":6},"sk":{"a":0,"k":0},"p":{"a":0,"k":[-3.303,-0.25,0],"ix":2},"r":{"a":0,"k":0,"ix":10},"sa":{"a":0,"k":0},"o":{"a":0,"k":100,"ix":11}},"ef":[],"shapes":[{"ty":"gr","bm":0,"hd":false,"mn":"ADBE Vector Group","nm":"Rectangle 1","ix":1,"cix":2,"np":3,"it":[{"ty":"rc","bm":0,"hd":false,"mn":"ADBE Vector Shape - Rect","nm":"Rectangle Path 1","d":1,"p":{"a":0,"k":[0,0],"ix":3},"r":{"a":0,"k":0,"ix":4},"s":{"a":0,"k":[360.455,7.5],"ix":2}},{"ty":"fl","bm":0,"hd":false,"mn":"ADBE Vector Graphic - Fill","nm":"Fill 1","c":{"a":0,"k":[0.9725,0,0.2667],"ix":4},"r":1,"o":{"a":0,"k":100,"ix":5}},{"ty":"tr","a":{"a":0,"k":[0,0],"ix":1},"s":{"a":0,"k":[100,100],"ix":3},"sk":{"a":0,"k":0,"ix":4},"p":{"a":0,"k":[2.955,26.75],"ix":2},"r":{"a":0,"k":0,"ix":6},"sa":{"a":0,"k":0,"ix":5},"o":{"a":0,"k":100,"ix":7}}]}],"ind":2,"parent":1},{"ty":4,"nm":"Shape Layer 14","sr":1,"st":0,"op":155.000006313279,"ip":0,"hd":false,"ddd":0,"bm":0,"hasMask":false,"ao":0,"ks":{"a":{"a":0,"k":[2.955,26.75,0],"ix":1},"s":{"a":0,"k":[100,220,100],"ix":6},"sk":{"a":0,"k":0},"p":{"a":0,"k":[-3.303,-0.25,0],"ix":2},"r":{"a":0,"k":0,"ix":10},"sa":{"a":0,"k":0},"o":{"a":0,"k":100,"ix":11}},"ef":[{"ty":29,"mn":"ADBE Gaussian Blur 2","nm":"Gaussian Blur","ix":1,"en":1,"ef":[{"ty":0,"mn":"ADBE Gaussian Blur 2-0001","nm":"Blurriness","ix":1,"v":{"a":0,"k":8,"ix":1}},{"ty":7,"mn":"ADBE Gaussian Blur 2-0002","nm":"Blur Dimensions","ix":2,"v":{"a":0,"k":1,"ix":2}},{"ty":7,"mn":"ADBE Gaussian Blur 2-0003","nm":"Repeat Edge Pixels","ix":3,"v":{"a":0,"k":0,"ix":3}},{"ty":7,"mn":"ADBE Force CPU GPU","nm":"GPU Rendering","ix":4,"v":{"a":0,"k":1,"ix":4}}]}],"shapes":[{"ty":"gr","bm":0,"hd":false,"mn":"ADBE Vector Group","nm":"Rectangle 1","ix":1,"cix":2,"np":3,"it":[{"ty":"rc","bm":0,"hd":false,"mn":"ADBE Vector Shape - Rect","nm":"Rectangle Path 1","d":1,"p":{"a":0,"k":[0,0],"ix":3},"r":{"a":0,"k":0,"ix":4},"s":{"a":0,"k":[360.455,7.5],"ix":2}},{"ty":"fl","bm":0,"hd":false,"mn":"ADBE Vector Graphic - Fill","nm":"Fill 1","c":{"a":0,"k":[0.9725,0,0.2667],"ix":4},"r":1,"o":{"a":0,"k":60,"ix":5}},{"ty":"tr","a":{"a":0,"k":[0,0],"ix":1},"s":{"a":0,"k":[100,100],"ix":3},"sk":{"a":0,"k":0,"ix":4},"p":{"a":0,"k":[2.955,26.75],"ix":2},"r":{"a":0,"k":0,"ix":6},"sa":{"a":0,"k":0,"ix":5},"o":{"a":0,"k":100,"ix":7}}]}],"ind":3,"parent":1},{"ty":4,"nm":"Shape Layer 10","sr":1,"st":0,"op":161.000006557664,"ip":0,"hd":false,"ddd":0,"bm":0,"hasMask":false,"ao":0,"ks":{"a":{"a":0,"k":[-38.182,2,0],"ix":1},"s":{"a":0,"k":[100,100,100],"ix":6},"sk":{"a":0,"k":0},"p":{"a":0,"k":[521.1,180.5,0],"ix":2},"r":{"a":0,"k":90,"ix":10},"sa":{"a":0,"k":0},"o":{"a":0,"k":100,"ix":11}},"ef":[],"shapes":[{"ty":"gr","bm":0,"hd":false,"mn":"ADBE Vector Group","nm":"Shape 1","ix":1,"cix":2,"np":3,"it":[{"ty":"sh","bm":0,"hd":false,"mn":"ADBE Vector Shape - Group","nm":"Path 1","ix":1,"d":1,"ks":{"a":0,"k":{"c":false,"i":[[0,0],[0,0]],"o":[[0,0],[0,0]],"v":[[-39.091,2],[22.727,2]]},"ix":2}},{"ty":"st","bm":0,"hd":false,"mn":"ADBE Vector Graphic - Stroke","nm":"Stroke 1","lc":1,"lj":1,"ml":4,"o":{"a":0,"k":100,"ix":4},"w":{"a":0,"k":4,"ix":5},"c":{"a":0,"k":[0.0275,0.2667,0.5137],"ix":3}},{"ty":"tr","a":{"a":0,"k":[-8.182,1.5],"ix":1},"s":{"a":0,"k":[100,100],"ix":3},"sk":{"a":0,"k":0,"ix":4},"p":{"a":0,"k":[-8.182,1.5],"ix":2},"r":{"a":0,"k":0,"ix":6},"sa":{"a":0,"k":0,"ix":5},"o":{"a":0,"k":100,"ix":7}}]}],"ind":4},{"ty":4,"nm":"Shape Layer 9","sr":1,"st":0,"op":161.000006557664,"ip":0,"hd":false,"ddd":0,"bm":0,"hasMask":false,"ao":0,"ks":{"a":{"a":0,"k":[-38.182,2,0],"ix":1},"s":{"a":0,"k":[100,100,100],"ix":6},"sk":{"a":0,"k":0},"p":{"a":0,"k":[521.1,180.5,0],"ix":2},"r":{"a":0,"k":180,"ix":10},"sa":{"a":0,"k":0},"o":{"a":0,"k":100,"ix":11}},"ef":[],"shapes":[{"ty":"gr","bm":0,"hd":false,"mn":"ADBE Vector Group","nm":"Shape 1","ix":1,"cix":2,"np":3,"it":[{"ty":"sh","bm":0,"hd":false,"mn":"ADBE Vector Shape - Group","nm":"Path 1","ix":1,"d":1,"ks":{"a":0,"k":{"c":false,"i":[[0,0],[0,0]],"o":[[0,0],[0,0]],"v":[[-39.091,2],[22.727,2]]},"ix":2}},{"ty":"st","bm":0,"hd":false,"mn":"ADBE Vector Graphic - Stroke","nm":"Stroke 1","lc":1,"lj":1,"ml":4,"o":{"a":0,"k":100,"ix":4},"w":{"a":0,"k":4,"ix":5},"c":{"a":0,"k":[0.0275,0.2667,0.5137],"ix":3}},{"ty":"tr","a":{"a":0,"k":[-8.182,1.5],"ix":1},"s":{"a":0,"k":[100,100],"ix":3},"sk":{"a":0,"k":0,"ix":4},"p":{"a":0,"k":[-8.182,1.5],"ix":2},"r":{"a":0,"k":0,"ix":6},"sa":{"a":0,"k":0,"ix":5},"o":{"a":0,"k":100,"ix":7}}]}],"ind":5},{"ty":4,"nm":"Shape Layer 8","sr":1,"st":0,"op":161.000006557664,"ip":0,"hd":false,"ddd":0,"bm":0,"hasMask":false,"ao":0,"ks":{"a":{"a":0,"k":[-38.182,2,0],"ix":1},"s":{"a":0,"k":[100,100,100],"ix":6},"sk":{"a":0,"k":0},"p":{"a":0,"k":[521.1,484.5,0],"ix":2},"r":{"a":0,"k":180,"ix":10},"sa":{"a":0,"k":0},"o":{"a":0,"k":100,"ix":11}},"ef":[],"shapes":[{"ty":"gr","bm":0,"hd":false,"mn":"ADBE Vector Group","nm":"Shape 1","ix":1,"cix":2,"np":3,"it":[{"ty":"sh","bm":0,"hd":false,"mn":"ADBE Vector Shape - Group","nm":"Path 1","ix":1,"d":1,"ks":{"a":0,"k":{"c":false,"i":[[0,0],[0,0]],"o":[[0,0],[0,0]],"v":[[-39.091,2],[22.727,2]]},"ix":2}},{"ty":"st","bm":0,"hd":false,"mn":"ADBE Vector Graphic - Stroke","nm":"Stroke 1","lc":1,"lj":1,"ml":4,"o":{"a":0,"k":100,"ix":4},"w":{"a":0,"k":4,"ix":5},"c":{"a":0,"k":[0.0275,0.2667,0.5137],"ix":3}},{"ty":"tr","a":{"a":0,"k":[-8.182,1.5],"ix":1},"s":{"a":0,"k":[100,100],"ix":3},"sk":{"a":0,"k":0,"ix":4},"p":{"a":0,"k":[-8.182,1.5],"ix":2},"r":{"a":0,"k":0,"ix":6},"sa":{"a":0,"k":0,"ix":5},"o":{"a":0,"k":100,"ix":7}}]}],"ind":6},{"ty":4,"nm":"Shape Layer 7","sr":1,"st":0,"op":161.000006557664,"ip":0,"hd":false,"ddd":0,"bm":0,"hasMask":false,"ao":0,"ks":{"a":{"a":0,"k":[-38.182,2,0],"ix":1},"s":{"a":0,"k":[100,100,100],"ix":6},"sk":{"a":0,"k":0},"p":{"a":0,"k":[521.1,484.5,0],"ix":2},"r":{"a":0,"k":270,"ix":10},"sa":{"a":0,"k":0},"o":{"a":0,"k":100,"ix":11}},"ef":[],"shapes":[{"ty":"gr","bm":0,"hd":false,"mn":"ADBE Vector Group","nm":"Shape 1","ix":1,"cix":2,"np":3,"it":[{"ty":"sh","bm":0,"hd":false,"mn":"ADBE Vector Shape - Group","nm":"Path 1","ix":1,"d":1,"ks":{"a":0,"k":{"c":false,"i":[[0,0],[0,0]],"o":[[0,0],[0,0]],"v":[[-39.091,2],[22.727,2]]},"ix":2}},{"ty":"st","bm":0,"hd":false,"mn":"ADBE Vector Graphic - Stroke","nm":"Stroke 1","lc":1,"lj":1,"ml":4,"o":{"a":0,"k":100,"ix":4},"w":{"a":0,"k":4,"ix":5},"c":{"a":0,"k":[0.0275,0.2667,0.5137],"ix":3}},{"ty":"tr","a":{"a":0,"k":[-8.182,1.5],"ix":1},"s":{"a":0,"k":[100,100],"ix":3},"sk":{"a":0,"k":0,"ix":4},"p":{"a":0,"k":[-8.182,1.5],"ix":2},"r":{"a":0,"k":0,"ix":6},"sa":{"a":0,"k":0,"ix":5},"o":{"a":0,"k":100,"ix":7}}]}],"ind":7},{"ty":4,"nm":"Shape Layer 6","sr":1,"st":0,"op":161.000006557664,"ip":0,"hd":false,"ddd":0,"bm":0,"hasMask":false,"ao":0,"ks":{"a":{"a":0,"k":[-38.182,2,0],"ix":1},"s":{"a":0,"k":[100,100,100],"ix":6},"sk":{"a":0,"k":0},"p":{"a":0,"k":[184.1,180.5,0],"ix":2},"r":{"a":0,"k":0,"ix":10},"sa":{"a":0,"k":0},"o":{"a":0,"k":100,"ix":11}},"ef":[],"shapes":[{"ty":"gr","bm":0,"hd":false,"mn":"ADBE Vector Group","nm":"Shape 1","ix":1,"cix":2,"np":3,"it":[{"ty":"sh","bm":0,"hd":false,"mn":"ADBE Vector Shape - Group","nm":"Path 1","ix":1,"d":1,"ks":{"a":0,"k":{"c":false,"i":[[0,0],[0,0]],"o":[[0,0],[0,0]],"v":[[-39.091,2],[22.727,2]]},"ix":2}},{"ty":"st","bm":0,"hd":false,"mn":"ADBE Vector Graphic - Stroke","nm":"Stroke 1","lc":1,"lj":1,"ml":4,"o":{"a":0,"k":100,"ix":4},"w":{"a":0,"k":4,"ix":5},"c":{"a":0,"k":[0.0275,0.2667,0.5137],"ix":3}},{"ty":"tr","a":{"a":0,"k":[-8.182,1.5],"ix":1},"s":{"a":0,"k":[100,100],"ix":3},"sk":{"a":0,"k":0,"ix":4},"p":{"a":0,"k":[-8.182,1.5],"ix":2},"r":{"a":0,"k":0,"ix":6},"sa":{"a":0,"k":0,"ix":5},"o":{"a":0,"k":100,"ix":7}}]}],"ind":8},{"ty":4,"nm":"Shape Layer 5","sr":1,"st":0,"op":161.000006557664,"ip":0,"hd":false,"ddd":0,"bm":0,"hasMask":false,"ao":0,"ks":{"a":{"a":0,"k":[-38.182,2,0],"ix":1},"s":{"a":0,"k":[100,100,100],"ix":6},"sk":{"a":0,"k":0},"p":{"a":0,"k":[184.1,180.5,0],"ix":2},"r":{"a":0,"k":90,"ix":10},"sa":{"a":0,"k":0},"o":{"a":0,"k":100,"ix":11}},"ef":[],"shapes":[{"ty":"gr","bm":0,"hd":false,"mn":"ADBE Vector Group","nm":"Shape 1","ix":1,"cix":2,"np":3,"it":[{"ty":"sh","bm":0,"hd":false,"mn":"ADBE Vector Shape - Group","nm":"Path 1","ix":1,"d":1,"ks":{"a":0,"k":{"c":false,"i":[[0,0],[0,0]],"o":[[0,0],[0,0]],"v":[[-39.091,2],[22.727,2]]},"ix":2}},{"ty":"st","bm":0,"hd":false,"mn":"ADBE Vector Graphic - Stroke","nm":"Stroke 1","lc":1,"lj":1,"ml":4,"o":{"a":0,"k":100,"ix":4},"w":{"a":0,"k":4,"ix":5},"c":{"a":0,"k":[0.0275,0.2667,0.5137],"ix":3}},{"ty":"tr","a":{"a":0,"k":[-8.182,1.5],"ix":1},"s":{"a":0,"k":[100,100],"ix":3},"sk":{"a":0,"k":0,"ix":4},"p":{"a":0,"k":[-8.182,1.5],"ix":2},"r":{"a":0,"k":0,"ix":6},"sa":{"a":0,"k":0,"ix":5},"o":{"a":0,"k":100,"ix":7}}]}],"ind":9},{"ty":4,"nm":"Shape Layer 4","sr":1,"st":0,"op":161.000006557664,"ip":0,"hd":false,"ddd":0,"bm":0,"hasMask":false,"ao":0,"ks":{"a":{"a":0,"k":[-38.182,2,0],"ix":1},"s":{"a":0,"k":[100,100,100],"ix":6},"sk":{"a":0,"k":0},"p":{"a":0,"k":[184.1,484.5,0],"ix":2},"r":{"a":0,"k":-90,"ix":10},"sa":{"a":0,"k":0},"o":{"a":0,"k":100,"ix":11}},"ef":[],"shapes":[{"ty":"gr","bm":0,"hd":false,"mn":"ADBE Vector Group","nm":"Shape 1","ix":1,"cix":2,"np":3,"it":[{"ty":"sh","bm":0,"hd":false,"mn":"ADBE Vector Shape - Group","nm":"Path 1","ix":1,"d":1,"ks":{"a":0,"k":{"c":false,"i":[[0,0],[0,0]],"o":[[0,0],[0,0]],"v":[[-39.091,2],[22.727,2]]},"ix":2}},{"ty":"st","bm":0,"hd":false,"mn":"ADBE Vector Graphic - Stroke","nm":"Stroke 1","lc":1,"lj":1,"ml":4,"o":{"a":0,"k":100,"ix":4},"w":{"a":0,"k":4,"ix":5},"c":{"a":0,"k":[0.0275,0.2667,0.5137],"ix":3}},{"ty":"tr","a":{"a":0,"k":[-8.182,1.5],"ix":1},"s":{"a":0,"k":[100,100],"ix":3},"sk":{"a":0,"k":0,"ix":4},"p":{"a":0,"k":[-8.182,1.5],"ix":2},"r":{"a":0,"k":0,"ix":6},"sa":{"a":0,"k":0,"ix":5},"o":{"a":0,"k":100,"ix":7}}]}],"ind":10},{"ty":4,"nm":"Shape Layer 3","sr":1,"st":0,"op":161.000006557664,"ip":0,"hd":false,"ddd":0,"bm":0,"hasMask":false,"ao":0,"ks":{"a":{"a":0,"k":[-38.182,2,0],"ix":1},"s":{"a":0,"k":[100,100,100],"ix":6},"sk":{"a":0,"k":0},"p":{"a":0,"k":[184.1,484.5,0],"ix":2},"r":{"a":0,"k":0,"ix":10},"sa":{"a":0,"k":0},"o":{"a":0,"k":100,"ix":11}},"ef":[],"shapes":[{"ty":"gr","bm":0,"hd":false,"mn":"ADBE Vector Group","nm":"Shape 1","ix":1,"cix":2,"np":3,"it":[{"ty":"sh","bm":0,"hd":false,"mn":"ADBE Vector Shape - Group","nm":"Path 1","ix":1,"d":1,"ks":{"a":0,"k":{"c":false,"i":[[0,0],[0,0]],"o":[[0,0],[0,0]],"v":[[-39.091,2],[22.727,2]]},"ix":2}},{"ty":"st","bm":0,"hd":false,"mn":"ADBE Vector Graphic - Stroke","nm":"Stroke 1","lc":1,"lj":1,"ml":4,"o":{"a":0,"k":100,"ix":4},"w":{"a":0,"k":4,"ix":5},"c":{"a":0,"k":[0.0275,0.2667,0.5137],"ix":3}},{"ty":"tr","a":{"a":0,"k":[-8.182,1.5],"ix":1},"s":{"a":0,"k":[100,100],"ix":3},"sk":{"a":0,"k":0,"ix":4},"p":{"a":0,"k":[-8.182,1.5],"ix":2},"r":{"a":0,"k":0,"ix":6},"sa":{"a":0,"k":0,"ix":5},"o":{"a":0,"k":100,"ix":7}}]}],"ind":11},{"ty":5,"nm":"Scanning...","sr":1,"st":0,"op":254.000010345632,"ip":0,"hd":false,"ddd":0,"bm":0,"hasMask":false,"ao":0,"ks":{"a":{"a":0,"k":[0.402,-8.235,0],"ix":1},"s":{"a":0,"k":[100,100,100],"ix":6},"sk":{"a":0,"k":0},"p":{"a":0,"k":[350,599.947,0],"ix":2},"r":{"a":0,"k":0,"ix":10},"sa":{"a":0,"k":0},"o":{"a":0,"k":100,"ix":11}},"ef":[],"t":{"m":{"a":{"a":0,"k":[0,0],"ix":2},"g":1},"p":{},"a":[],"d":{"k":[{"s":{"f":"Vision-Regular","s":34,"t":"Scanning...","fc":[0.0275,0.2667,0.5137],"lh":40.8,"tr":0,"j":2,"ca":0},"t":0}]}},"ind":12},{"ty":4,"nm":"Shape Layer 1","sr":1,"st":0,"op":161.000006557664,"ip":0,"hd":false,"ddd":0,"bm":0,"hasMask":false,"ao":0,"ks":{"a":{"a":0,"k":[2.364,-18,0],"ix":1},"s":{"a":0,"k":[100,92.771,100],"ix":6},"sk":{"a":0,"k":0},"p":{"a":0,"k":[352.6,332,0],"ix":2},"r":{"a":0,"k":0,"ix":10},"sa":{"a":0,"k":0},"o":{"a":0,"k":100,"ix":11}},"ef":[],"shapes":[{"ty":"gr","bm":0,"hd":false,"mn":"ADBE Vector Group","nm":"Rectangle 1","ix":1,"cix":2,"np":3,"it":[{"ty":"rc","bm":0,"hd":false,"mn":"ADBE Vector Shape - Rect","nm":"Rectangle Path 1","d":1,"p":{"a":0,"k":[0,0],"ix":3},"r":{"a":0,"k":0,"ix":4},"s":{"a":0,"k":[332,332],"ix":2}},{"ty":"fl","bm":0,"hd":false,"mn":"ADBE Vector Graphic - Fill","nm":"Fill 1","c":{"a":0,"k":[0.8941,0.9412,0.9765],"ix":4},"r":1,"o":{"a":0,"k":60,"ix":5}},{"ty":"tr","a":{"a":0,"k":[0,0],"ix":1},"s":{"a":0,"k":[100,100],"ix":3},"sk":{"a":0,"k":0,"ix":4},"p":{"a":0,"k":[2.364,-18],"ix":2},"r":{"a":0,"k":0,"ix":6},"sa":{"a":0,"k":0,"ix":5},"o":{"a":0,"k":100,"ix":7}}]}],"ind":13}],"v":"5.6.7","fr":29.9700012207031,"op":101.000004113814,"ip":0,"fonts":{"list":[{"ascent":69.9996948242188,"fClass":"","fFamily":"Vision","fStyle":"Regular","fName":"Vision-Regular","fPath":"","fWeight":"","origin":0}]},"chars":[{"ch":"S","fFamily":"Vision","size":34,"style":"Regular","w":54.1,"data":{"shapes":[{"ty":"gr","bm":0,"hd":false,"mn":"ADBE Vector Group","nm":"S","ix":1,"cix":2,"np":3,"it":[{"ty":"sh","bm":0,"hd":false,"mn":"ADBE Vector Shape - Group","nm":"S","ix":1,"d":1,"ks":{"a":0,"k":{"c":true,"i":[[5.438,0],[0,-11.884],[0,-13.394],[6.244,0],[3.625,2.719],[0,0],[-6.546,0],[0,12.085],[0,11.078],[-5.841,0],[-3.122,-2.518],[0,0]],"o":[[-10.474,0],[0,18.43],[0,6.949],[-4.431,0],[0,0],[5.237,4.028],[11.783,0],[0,-18.832],[0,-6.949],[4.028,0],[0,0],[-4.129,-3.726]],"v":[[30.212,-62.64],[9.366,-45.721],[38.773,-17.221],[26.184,-7.15],[10.474,-12.891],[6.747,-5.237],[26.889,1.007],[47.736,-18.631],[18.127,-45.419],[31.119,-54.886],[43.607,-50.757],[46.527,-57.404]]},"ix":2}}]}]}},{"ch":"c","fFamily":"Vision","size":34,"style":"Regular","w":47.7,"data":{"shapes":[{"ty":"gr","bm":0,"hd":false,"mn":"ADBE Vector Group","nm":"c","ix":1,"cix":2,"np":3,"it":[{"ty":"sh","bm":0,"hd":false,"mn":"ADBE Vector Shape - Group","nm":"c","ix":1,"d":1,"ks":{"a":0,"k":{"c":true,"i":[[5.942,0],[0,-14.401],[-15.005,0],[-4.23,4.431],[0,0],[4.633,0],[0,9.366],[-10.172,0],[-3.122,-3.223],[0,0]],"o":[[-15.106,0],[0,13.998],[6.042,0],[0,0],[-3.223,3.223],[-9.97,0],[0,-9.467],[4.431,0],[0,0],[-4.028,-4.431]],"v":[[29.81,-52.771],[5.438,-25.882],[29.507,1.007],[47.031,-6.143],[43.204,-12.689],[30.515,-7.15],[13.797,-25.983],[30.917,-44.916],[43.204,-39.377],[47.031,-45.923]]},"ix":2}}]}]}},{"ch":"a","fFamily":"Vision","size":34,"style":"Regular","w":51.8,"data":{"shapes":[{"ty":"gr","bm":0,"hd":false,"mn":"ADBE Vector Group","nm":"a","ix":1,"cix":2,"np":5,"it":[{"ty":"sh","bm":0,"hd":false,"mn":"ADBE Vector Shape - Group","nm":"a","ix":1,"d":1,"ks":{"a":0,"k":{"c":true,"i":[[30.917,0],[4.23,-4.23],[0,0],[-4.935,0],[-0.201,-7.251],[5.64,0],[0,-9.567],[-10.675,0],[-4.028,4.028],[-4.23,-0.101],[0,0]],"o":[[-6.042,0],[0,0],[3.726,-3.122],[9.668,0],[-3.223,-2.618],[-9.366,0],[0,10.675],[5.64,0],[1.813,3.726],[0,0],[-14.2,0.201]],"v":[[23.566,-52.872],[6.747,-46.024],[9.567,-39.981],[22.961,-45.419],[35.147,-30.212],[21.652,-34.644],[4.028,-16.718],[21.652,1.007],[36.96,-5.237],[46.527,1.007],[49.548,-5.539]]},"ix":2}},{"ty":"sh","bm":0,"hd":false,"mn":"ADBE Vector Shape - Group","nm":"a","ix":2,"d":1,"ks":{"a":0,"k":{"c":true,"i":[[-5.64,0],[-2.921,-3.021],[0,0],[4.532,0],[0,6.345]],"o":[[5.539,0],[0,0],[-3.021,3.525],[-6.445,0],[0,-5.74]],"v":[[23.062,-27.09],[35.248,-22.659],[35.55,-11.682],[23.062,-6.244],[12.085,-16.718]]},"ix":2}}]}]}},{"ch":"n","fFamily":"Vision","size":34,"style":"Regular","w":54.6,"data":{"shapes":[{"ty":"gr","bm":0,"hd":false,"mn":"ADBE Vector Group","nm":"n","ix":1,"cix":2,"np":3,"it":[{"ty":"sh","bm":0,"hd":false,"mn":"ADBE Vector Shape - Group","nm":"n","ix":1,"d":1,"ks":{"a":0,"k":{"c":true,"i":[[12.79,0],[2.014,-5.64],[0,0],[0,0],[0,0],[0,0],[0,0],[-10.272,0],[0,-8.057],[0,0],[0,0],[0,0]],"o":[[-5.942,0],[0,0],[0,0],[0,0],[0,0],[0,0],[0,-7.452],[9.467,0],[0,0],[0,0],[0,0],[0,-11.481]],"v":[[29.709,-52.872],[15.71,-43.103],[15.71,-51.764],[7.654,-51.764],[7.654,0],[15.71,0],[15.71,-25.882],[27.997,-44.211],[38.974,-26.99],[38.974,0],[46.93,0],[46.93,-32.025]]},"ix":2}}]}]}},{"ch":"i","fFamily":"Vision","size":34,"style":"Regular","w":25.5,"data":{"shapes":[{"ty":"gr","bm":0,"hd":false,"mn":"ADBE Vector Group","nm":"i","ix":1,"cix":2,"np":5,"it":[{"ty":"sh","bm":0,"hd":false,"mn":"ADBE Vector Shape - Group","nm":"i","ix":1,"d":1,"ks":{"a":0,"k":{"c":true,"i":[[0,2.719],[2.82,0],[0,-2.82],[-2.719,0]],"o":[[0,-2.82],[-2.719,0],[0,2.82],[2.82,0]],"v":[[18.027,-62.54],[12.79,-67.575],[7.654,-62.54],[12.79,-57.504]]},"ix":2}},{"ty":"sh","bm":0,"hd":false,"mn":"ADBE Vector Shape - Group","nm":"i","ix":2,"d":1,"ks":{"a":0,"k":{"c":true,"i":[[0,0],[0,0],[0,0],[0,0]],"o":[[0,0],[0,0],[0,0],[0,0]],"v":[[16.818,-51.764],[8.762,-51.764],[8.762,0],[16.818,0]]},"ix":2}}]}]}},{"ch":"g","fFamily":"Vision","size":34,"style":"Regular","w":55.8,"data":{"shapes":[{"ty":"gr","bm":0,"hd":false,"mn":"ADBE Vector Group","nm":"g","ix":1,"cix":2,"np":5,"it":[{"ty":"sh","bm":0,"hd":false,"mn":"ADBE Vector Shape - Group","nm":"g","ix":1,"d":1,"ks":{"a":0,"k":{"c":true,"i":[[4.834,0],[0,-13.797],[-14.502,0],[-3.625,3.021],[9.366,0],[2.719,2.618],[0,0],[-5.338,0],[-0.705,13.092],[0,2.014],[0,0],[0,0],[0,0]],"o":[[-14.401,0],[0,13.495],[4.633,0],[0,8.56],[-3.827,0],[0,0],[4.028,3.827],[14.703,0],[0.101,-2.014],[0,0],[0,0],[0,0],[-3.323,-3.525]],"v":[[28.5,-52.872],[5.438,-27.896],[28.299,-2.115],[41.492,-6.244],[26.587,11.279],[12.891,6.647],[9.265,13.193],[27.09,19.135],[49.347,-6.747],[49.448,-12.79],[49.448,-51.764],[41.492,-51.764],[41.492,-47.635]]},"ix":2}},{"ty":"sh","bm":0,"hd":false,"mn":"ADBE Vector Shape - Group","nm":"g","ix":2,"d":1,"ks":{"a":0,"k":{"c":true,"i":[[-9.869,0],[-3.122,-3.726],[0,0],[4.33,0],[0,9.164]],"o":[[4.935,0],[0,0],[-2.014,4.33],[-9.869,0],[0,-9.366]],"v":[[29.407,-45.218],[41.592,-39.478],[41.592,-15.912],[29.205,-10.071],[13.898,-27.997]]},"ix":2}}]}]}},{"ch":".","fFamily":"Vision","size":34,"style":"Regular","w":21.3,"data":{"shapes":[{"ty":"gr","bm":0,"hd":false,"mn":"ADBE Vector Group","nm":".","ix":1,"cix":2,"np":3,"it":[{"ty":"sh","bm":0,"hd":false,"mn":"ADBE Vector Shape - Group","nm":".","ix":1,"d":1,"ks":{"a":0,"k":{"c":true,"i":[[0,3.424],[3.424,0],[0,-3.424],[-3.424,0]],"o":[[0,-3.424],[-3.424,0],[0,3.424],[3.424,0]],"v":[[16.919,-5.237],[10.776,-11.481],[4.532,-5.237],[10.776,1.007]]},"ix":2}}]}]}}],"assets":[]}